{"LHACoord":{"vec3":{"y":0.0024736287773976,"x":-199126.6875,"z":-72166.0234375},"vec2":{"y":-72166.0234375,"x":-199126.6875}}}